{
"apiVersion": "V2",
"assemblies": [
{
  "files": [
    {
      "filePath": "assembly_data_report.jsonl",
      "fileType": "DATA_REPORT",
      "uncompressedLengthBytes": "9218"
    }
  ]
},{
  "accession": "GCA_002938375.1",
  "files": [
    {
      "filePath": "GCA_002938375.1/GCA_002938375.1_Psicy2_genomic.fna",
      "fileType": "GENOMIC_NUCLEOTIDE_FASTA",
      "uncompressedLengthBytes": "48427201"
    }
  ]
},{
  "accession": "GCA_002938385.1",
  "files": [
    {
      "filePath": "GCA_002938385.1/GCA_002938385.1_ASM293838v1_genomic.fna",
      "fileType": "GENOMIC_NUCLEOTIDE_FASTA",
      "uncompressedLengthBytes": "47745754"
    }
  ]
},{
  "accession": "GCF_017499595.1",
  "files": [
    {
      "filePath": "GCF_017499595.1/GCF_017499595.1_MGC_Penvy_1_genomic.fna",
      "fileType": "GENOMIC_NUCLEOTIDE_FASTA",
      "uncompressedLengthBytes": "47165359"
    }
  ]
}]}
